Product_ID|Product_Name|Product_Line|Type|News|Description|Forp|Product_Price|Product_SH|PDF|Sort
1|KKE1B-ACCC|Interswitch|IP67 Keypads Accessories|n|Set of 16 key tops 0-9 / A-F|All|0|10||1
2|KKE1B-ADDD|Interswitch|IP67 Keypads Accessories|n|Set of 16 key tops 0-15|All|0|10||2
3|KKE1B-AGGG|Interswitch|IP67 Keypads Accessories|n|Set of 26 key tops A-Z|All|0|10||3
4|KKE1B-ALLL|Interswitch|IP67 Keypads Accessories|n|Set of 21 key tops 0-9/A-F/+/-/*/#/.|All|0|10||4
5|KKE4L-ACCC|Interswitch|IP67 Keypads Accessories|n|Set of 20 key tops 0-9 /A-F/4 blanks|All|0|10||5
6|KKE12L-ALLL|Interswitch|IP67 Keypads Accessories|n|Set of 25 key tops 0-9 / A-F / + / - /* /# /. /4 blanks/12 transparent covers|All|0|10||6
7|KKE16L-ALLL|Interswitch|IP67 Keypads Accessories|n|Set of 25 key tops 0-9 / A-F / + / - /* /# /. /4 blanks/16 transparent covers|All|0|10||7
8|KZBEA|Interswitch|IP67 Keypads Accessories|n|Front mounting hardware|KNM20S44 & KNM30S44|0|10||8
9|KZBEB|Interswitch|IP67 Keypads Accessories|n|Front mounting hardware|KNM20S34 & KNM30S34|0|10||9
10|KZBEC|Interswitch|IP67 Keypads Accessories|n|Rear mounting hardware|KNM20S34 & KNM20S44|0|10||10
11|KZBED|Interswitch|IP67 Keypads Accessories|n|Rear mounting hardware|KNM20S34|0|10||11
12|KZBEE|Interswitch|IP67 Keypads Accessories|n|Rear mounting hardware|KNM30S34 & KNM30S44|0|10||12
13|KZBEF|Interswitch|IP67 Keypads Accessories|n|Rear mounting hardware|KNM30S34|0|10||13
14|KZDIH34|Interswitch|IP67 Keypads Accessories|n|Toroidal sealing ring for rear mounting the 3x4 key pads|KNM20S34 & KNM30S34|0|10||14
15|KZDIV34|Interswitch|IP67 Keypads Accessories|n|Toroidal sealing ring for front mounting the 3x4 key pads|KNM20S34 & KNM30S34|0|10||15
16|KZDIH44|Interswitch|IP67 Keypads Accessories|n|Toroidal sealing ring for rear mounting the 4x4 key pads|KNM20S44 & KNM30S44|0|10||16
17|KZDIV44|Interswitch|IP67 Keypads Accessories|n|Toroidal sealing ring for front mounting the 4x4 key pads|KNM20S44 & KNM30S44|0|10||17